<?xml version="1.0" encoding="utf-8"?>
<z:anyType xmlns:i="http://www.w3.org/2001/XMLSchema-instance" xmlns=""
	i:type="AxCompilerMetadata" xmlns:z="http://schemas.microsoft.com/2003/10/Serialization/">
	<IsFinal>true</IsFinal>
	<IsInternal>true</IsInternal>
	<Attributes>
		<AxAttribute>
			<Name>ExtensionOf</Name>
			<Parameters>
				<AxAttributeParameter>
					<Type>Intrinsic</Type>
					<TypeValue>tableStr</TypeValue>
					<AdditionalData>
						<AxAttributeParameter>
							<TypeValue>DMFEntity</TypeValue>
							<AdditionalData />
						</AxAttributeParameter>
						<AxAttributeParameter>
							<AdditionalData />
						</AxAttributeParameter>
						<AxAttributeParameter>
							<AdditionalData />
						</AxAttributeParameter>
					</AdditionalData>
				</AxAttributeParameter>
			</Parameters>
		</AxAttribute>
	</Attributes>
	<Methods>
		<Method>
			<Name>insert</Name>
			<Visibility>Public</Visibility>
			<ReturnType>
				<TypeName></TypeName>
			</ReturnType>
		</Method>
		<Method>
			<Name>update</Name>
			<Visibility>Public</Visibility>
			<ReturnType>
				<TypeName></TypeName>
			</ReturnType>
		</Method>
		<Method>
			<Name>hsoFillCustomFields</Name>
			<ReturnType>
				<TypeName></TypeName>
			</ReturnType>
			<Variables>
				<AxMethodVariable>
					<Type>Class</Type>
					<TypeName>DictDataEntity</TypeName>
					<Name>dictEntity</Name>
				</AxMethodVariable>
			</Variables>
		</Method>
		<Method>
			<Name>hsoGetDatasourcesList</Name>
			<Parameters>
				<AxMethodParameter>
					<Type>Class</Type>
					<TypeName>DictDataEntity</TypeName>
					<Name>_dictEntity</Name>
				</AxMethodParameter>
			</Parameters>
			<ReturnType>
				<Type>String</Type>
				<TypeName></TypeName>
			</ReturnType>
			<Variables>
				<AxMethodVariable>
					<Type>Class</Type>
					<TypeName>Set</TypeName>
					<Name>set</Name>
				</AxMethodVariable>
			</Variables>
		</Method>
		<Method>
			<Name>hsoHasValidTimeStateTables</Name>
			<Parameters>
				<AxMethodParameter>
					<Type>Class</Type>
					<TypeName>DictDataEntity</TypeName>
					<Name>_dictEntity</Name>
				</AxMethodParameter>
			</Parameters>
			<ReturnType>
				<Type>Enum</Type>
				<TypeName>boolean</TypeName>
			</ReturnType>
			<Variables>
				<AxMethodVariable>
					<Type>Enum</Type>
					<TypeName>boolean</TypeName>
					<Name>retVal</Name>
				</AxMethodVariable>
			</Variables>
		</Method>
		<Method>
			<Name>hsoGenerateConcatenatedListOfIndexFields</Name>
			<Parameters>
				<AxMethodParameter>
					<Type>Class</Type>
					<TypeName>DictDataEntity</TypeName>
					<Name>_dictEntity</Name>
				</AxMethodParameter>
			</Parameters>
			<ReturnType>
				<Type>String</Type>
				<TypeName></TypeName>
			</ReturnType>
			<Variables>
				<AxMethodVariable>
					<Type>Class</Type>
					<TypeName>Set</TypeName>
					<Name>set</Name>
				</AxMethodVariable>
			</Variables>
		</Method>
	</Methods>
</z:anyType>