<?xml version="1.0" encoding="utf-8"?>
<z:anyType xmlns:i="http://www.w3.org/2001/XMLSchema-instance" xmlns=""
	i:type="AxCompilerMetadata" xmlns:z="http://schemas.microsoft.com/2003/10/Serialization/">
	<IsFinal>true</IsFinal>
	<IsInternal>true</IsInternal>
	<Methods>
		<Method>
			<Name>DMFEntity_OnInitialized</Name>
			<IsStatic>true</IsStatic>
			<Visibility>Public</Visibility>
			<Attributes>
				<AxAttribute>
					<Name>FormEventHandler</Name>
					<Parameters>
						<AxAttributeParameter>
							<Type>Intrinsic</Type>
							<TypeValue>formStr</TypeValue>
							<AdditionalData>
								<AxAttributeParameter>
									<TypeValue>DMFEntity</TypeValue>
									<AdditionalData />
								</AxAttributeParameter>
								<AxAttributeParameter>
									<AdditionalData />
								</AxAttributeParameter>
								<AxAttributeParameter>
									<AdditionalData />
								</AxAttributeParameter>
							</AdditionalData>
						</AxAttributeParameter>
						<AxAttributeParameter>
							<Type>Enum</Type>
							<TypeValue>FormEventType</TypeValue>
							<AdditionalData>
								<AxAttributeParameter>
									<TypeValue>Initialized</TypeValue>
									<AdditionalData />
								</AxAttributeParameter>
							</AdditionalData>
						</AxAttributeParameter>
					</Parameters>
				</AxAttribute>
			</Attributes>
			<Parameters>
				<AxMethodParameter>
					<Type>Class</Type>
					<TypeName>xFormRun</TypeName>
					<Name>_sender</Name>
				</AxMethodParameter>
				<AxMethodParameter>
					<Type>Class</Type>
					<TypeName>FormEventArgs</TypeName>
					<Name>_e</Name>
				</AxMethodParameter>
			</Parameters>
			<ReturnType>
				<TypeName></TypeName>
			</ReturnType>
		</Method>
		<Method>
			<Name>HSOShowExtendedGrid_OnModified</Name>
			<IsStatic>true</IsStatic>
			<Visibility>Public</Visibility>
			<Attributes>
				<AxAttribute>
					<Name>FormControlEventHandler</Name>
					<Parameters>
						<AxAttributeParameter>
							<Type>Intrinsic</Type>
							<TypeValue>formControlStr</TypeValue>
							<AdditionalData>
								<AxAttributeParameter>
									<TypeValue>DMFEntity</TypeValue>
									<AdditionalData />
								</AxAttributeParameter>
								<AxAttributeParameter>
									<TypeValue>HSOShowExtendedGrid</TypeValue>
									<AdditionalData />
								</AxAttributeParameter>
								<AxAttributeParameter>
									<AdditionalData />
								</AxAttributeParameter>
							</AdditionalData>
						</AxAttributeParameter>
						<AxAttributeParameter>
							<Type>Enum</Type>
							<TypeValue>FormControlEventType</TypeValue>
							<AdditionalData>
								<AxAttributeParameter>
									<TypeValue>Modified</TypeValue>
									<AdditionalData />
								</AxAttributeParameter>
							</AdditionalData>
						</AxAttributeParameter>
					</Parameters>
				</AxAttribute>
			</Attributes>
			<Parameters>
				<AxMethodParameter>
					<Type>Class</Type>
					<TypeName>FormControl</TypeName>
					<Name>_sender</Name>
				</AxMethodParameter>
				<AxMethodParameter>
					<Type>Class</Type>
					<TypeName>FormControlEventArgs</TypeName>
					<Name>_e</Name>
				</AxMethodParameter>
			</Parameters>
			<ReturnType>
				<TypeName></TypeName>
			</ReturnType>
		</Method>
		<Method>
			<Name>hsoHandleCustomColumnVisibility</Name>
			<IsStatic>true</IsStatic>
			<Parameters>
				<AxMethodParameter>
					<Type>Class</Type>
					<TypeName>FormRun</TypeName>
					<Name>_fr</Name>
				</AxMethodParameter>
			</Parameters>
			<ReturnType>
				<TypeName></TypeName>
			</ReturnType>
			<Variables>
				<AxMethodVariable>
					<Type>Class</Type>
					<TypeName>FormCheckBoxControl</TypeName>
					<Name>checkBox</Name>
				</AxMethodVariable>
			</Variables>
		</Method>
	</Methods>
</z:anyType>