<?xml version="1.0" encoding="utf-8"?>
<z:anyType xmlns:i="http://www.w3.org/2001/XMLSchema-instance" xmlns=""
	i:type="AxCompilerMetadata" xmlns:z="http://schemas.microsoft.com/2003/10/Serialization/">
	<IsFinal>true</IsFinal>
	<IsInternal>true</IsInternal>
	<Attributes>
		<AxAttribute>
			<Name>ExtensionOf</Name>
			<Parameters>
				<AxAttributeParameter>
					<Type>Intrinsic</Type>
					<TypeValue>classStr</TypeValue>
					<AdditionalData>
						<AxAttributeParameter>
							<TypeValue>DMFDataPopulation</TypeValue>
							<AdditionalData />
						</AxAttributeParameter>
						<AxAttributeParameter>
							<AdditionalData />
						</AxAttributeParameter>
						<AxAttributeParameter>
							<AdditionalData />
						</AxAttributeParameter>
					</AdditionalData>
				</AxAttributeParameter>
			</Parameters>
		</AxAttribute>
	</Attributes>
	<Methods>
		<Method>
			<Name>createDefaultMapping</Name>
			<IsStatic>true</IsStatic>
			<Visibility>Public</Visibility>
			<ReturnType>
				<Tags></Tags>
				<TypeName></TypeName>
			</ReturnType>
		</Method>
		<Method>
			<Name>hsoPopulateCustomFields</Name>
			<IsStatic>true</IsStatic>
			<Visibility>Public</Visibility>
			<ReturnType>
				<Tags></Tags>
				<TypeName></TypeName>
			</ReturnType>
		</Method>
	</Methods>
</z:anyType>