<?xml version="1.0" encoding="utf-8"?>
<z:anyType xmlns:i="http://www.w3.org/2001/XMLSchema-instance" xmlns=""
	i:type="AxCompilerMetadata" xmlns:z="http://schemas.microsoft.com/2003/10/Serialization/">
	<IsFinal>true</IsFinal>
	<IsPublic>true</IsPublic>
	<Methods>
		<Method>
			<Name>HSOTableBrowser_OnClicked</Name>
			<IsStatic>true</IsStatic>
			<Visibility>Public</Visibility>
			<Attributes>
				<AxAttribute>
					<Name>FormControlEventHandler</Name>
					<Parameters>
						<AxAttributeParameter>
							<Type>Intrinsic</Type>
							<TypeValue>formControlStr</TypeValue>
							<AdditionalData>
								<AxAttributeParameter>
									<TypeValue>DMFTargetXML</TypeValue>
									<AdditionalData />
								</AxAttributeParameter>
								<AxAttributeParameter>
									<TypeValue>HSOTableBrowser</TypeValue>
									<AdditionalData />
								</AxAttributeParameter>
								<AxAttributeParameter>
									<AdditionalData />
								</AxAttributeParameter>
							</AdditionalData>
						</AxAttributeParameter>
						<AxAttributeParameter>
							<Type>Enum</Type>
							<TypeValue>FormControlEventType</TypeValue>
							<AdditionalData>
								<AxAttributeParameter>
									<TypeValue>Clicked</TypeValue>
									<AdditionalData />
								</AxAttributeParameter>
							</AdditionalData>
						</AxAttributeParameter>
					</Parameters>
				</AxAttribute>
			</Attributes>
			<Parameters>
				<AxMethodParameter>
					<Tags></Tags>
					<Type>Class</Type>
					<TypeName>FormControl</TypeName>
					<Name>sender</Name>
				</AxMethodParameter>
				<AxMethodParameter>
					<Tags></Tags>
					<Type>Class</Type>
					<TypeName>FormControlEventArgs</TypeName>
					<Name>e</Name>
				</AxMethodParameter>
			</Parameters>
			<ReturnType>
				<Tags></Tags>
				<TypeName></TypeName>
			</ReturnType>
		</Method>
		<Method>
			<Name>HSOShowData_OnClicked</Name>
			<IsStatic>true</IsStatic>
			<Visibility>Public</Visibility>
			<Attributes>
				<AxAttribute>
					<Name>FormControlEventHandler</Name>
					<Parameters>
						<AxAttributeParameter>
							<Type>Intrinsic</Type>
							<TypeValue>formControlStr</TypeValue>
							<AdditionalData>
								<AxAttributeParameter>
									<TypeValue>DMFEntity</TypeValue>
									<AdditionalData />
								</AxAttributeParameter>
								<AxAttributeParameter>
									<TypeValue>HSOShowData</TypeValue>
									<AdditionalData />
								</AxAttributeParameter>
								<AxAttributeParameter>
									<AdditionalData />
								</AxAttributeParameter>
							</AdditionalData>
						</AxAttributeParameter>
						<AxAttributeParameter>
							<Type>Enum</Type>
							<TypeValue>FormControlEventType</TypeValue>
							<AdditionalData>
								<AxAttributeParameter>
									<TypeValue>Clicked</TypeValue>
									<AdditionalData />
								</AxAttributeParameter>
							</AdditionalData>
						</AxAttributeParameter>
					</Parameters>
				</AxAttribute>
			</Attributes>
			<Parameters>
				<AxMethodParameter>
					<Tags></Tags>
					<Type>Class</Type>
					<TypeName>FormControl</TypeName>
					<Name>sender</Name>
				</AxMethodParameter>
				<AxMethodParameter>
					<Tags></Tags>
					<Type>Class</Type>
					<TypeName>FormControlEventArgs</TypeName>
					<Name>e</Name>
				</AxMethodParameter>
			</Parameters>
			<ReturnType>
				<Tags></Tags>
				<TypeName></TypeName>
			</ReturnType>
		</Method>
	</Methods>
</z:anyType>